<?xml version="1.0" encoding="UTF-8" ?>
<!--//

choco
Copyright (c) 2008 Fabio Zendhi Nagao <http://zend.lojcomm.com.br/>

Permission is hereby granted, free of charge, to any person
obtaining a copy of this software and associated documentation
files (the "Software"), to deal in the Software without
restriction, including without limitation the rights to use,
copy, modify, merge, publish, distribute, sublicense, and/or sell
copies of the Software, and to permit persons to whom the
Software is furnished to do so, subject to the following
conditions:

The above copyright notice and this permission notice shall be
included in all copies or substantial portions of the Software.

THE SOFTWARE IS PROVIDED "AS IS", WITHOUT WARRANTY OF ANY KIND,
EXPRESS OR IMPLIED, INCLUDING BUT NOT LIMITED TO THE WARRANTIES
OF MERCHANTABILITY, FITNESS FOR A PARTICULAR PURPOSE AND
NONINFRINGEMENT. IN NO EVENT SHALL THE AUTHORS OR COPYRIGHT
HOLDERS BE LIABLE FOR ANY CLAIM, DAMAGES OR OTHER LIABILITY,
WHETHER IN AN ACTION OF CONTRACT, TORT OR OTHERWISE, ARISING
FROM, OUT OF OR IN CONNECTION WITH THE SOFTWARE OR THE USE OR
OTHER DEALINGS IN THE SOFTWARE.

Requirements:
    * This style is based on DejaVu fonts <http://dejavu.sourceforge.net/wiki/index.php/Main_Page>.
    * Notepad++, of course.

Installation:
    Copy this file to C:\Documents and Settings\%%USERNAME%%\Application Data\Notepad++\

About:
    This styler has been built by Textmate theme to Notepad++ styler <http://framework.lojcomm.com.br/tmTheme2nppStyler/>

Credits:
    Thanks for the original Textmate theme author.
    Thanks for Fabio Zendhi Nagao for the tmTheme2nppStyler.
    Thanks for the user for the tmTheme source.

//-->
<Flamerobin>
    <LexerStyles>
        <LexerType name="sql" desc="SQL" ext="">
            <WordsStyle name="KEYWORD" styleID="5" fgColor="B3935C" bgColor="1A0F0B" fontName="" fontStyle="0" fontSize="10" keywordClass="instre1" />
            <WordsStyle name="USER1" styleID="16" fgColor="B3935C" bgColor="1A0F0B" fontName="" fontStyle="0" fontSize="10" keywordClass="instre2" />
            <WordsStyle name="KEYWORD2" styleID="19" fgColor="FF8080" bgColor="1A0F0B" fontName="" fontStyle="0" fontSize="10" keywordClass="type3" />
            <WordsStyle name="NUMBER" styleID="4" fgColor="DA5659" bgColor="1A0F0B" fontName="" fontStyle="0" fontSize="10" />
            <WordsStyle name="STRING" styleID="6" fgColor="7CA563" bgColor="1A0F0B" fontName="" fontStyle="0" fontSize="10">ooooo</WordsStyle>
            <WordsStyle name="STRING2" styleID="7" fgColor="7CA563" bgColor="1A0F0B" fontName="" fontStyle="0" fontSize="10" />
            <WordsStyle name="OPERATOR" styleID="10" fgColor="B3935C" bgColor="1A0F0B" fontName="" fontStyle="0" fontSize="10" />
            <WordsStyle name="COMMENT" styleID="1" fgColor="679D47" bgColor="1A0F0B" fontName="" fontStyle="0" fontSize="10" />
            <WordsStyle name="COMMENT LINE" styleID="2" fgColor="679D47" bgColor="1A0F0B" fontName="" fontStyle="0" fontSize="10" />
            <WordsStyle name="COMMENT DOC" styleID="3" fgColor="679D47" bgColor="1A0F0B" fontName="" fontStyle="0" fontSize="10" />
            <WordsStyle name="Q OPERATOR" styleID="24" fgColor="7CA563" bgColor="1A0F0B" fontName="" fontStyle="0" fontSize="10">ooooo</WordsStyle>
        </LexerType>
        <LexerType name="diff" desc="DIFF" ext="">
            <WordsStyle name="DEFAULT" styleID="0" fgColor="C3BE98" bgColor="1A0F0B" fontName="" fontStyle="0" fontSize="10" />
            <WordsStyle name="COMMENT" styleID="1" fgColor="679D47" bgColor="1A0F0B" fontName="" fontStyle="0" fontSize="10" />
            <WordsStyle name="COMMAND" styleID="2" fgColor="D77261" bgColor="1A0F0B" fontName="" fontStyle="0" fontSize="10" />
            <WordsStyle name="HEADER" styleID="3" fgColor="C3BE98" bgColor="1A0F0B" fontName="" fontStyle="0" fontSize="10" />
            <WordsStyle name="POSITION" styleID="4" fgColor="C3BE98" bgColor="1A0F0B" fontName="" fontStyle="0" fontSize="10" />
            <WordsStyle name="DELETED" styleID="5" fgColor="C3BE98" bgColor="1A0F0B" fontName="" fontStyle="0" fontSize="10" />
            <WordsStyle name="ADDED" styleID="6" fgColor="C3BE98" bgColor="1A0F0B" fontName="" fontStyle="0" fontSize="10" />
        </LexerType>
        <LexerType name="searchResult" desc="Search result" ext="">
            <WordsStyle name="Search Header" styleID="1" fgColor="000080" bgColor="BBBBFF" fontName="" fontStyle="1" fontSize="" />
            <WordsStyle name="File Header" styleID="2" fgColor="008000" bgColor="D5FFD5" fontName="" fontStyle="1" fontSize="" />
            <WordsStyle name="Line Number" styleID="3" fgColor="000000" bgColor="FFFFFF" fontName="" fontStyle="0" fontSize="" />
            <WordsStyle name="Hit Word" styleID="4" fgColor="FF0000" bgColor="FFFFBF" fontName="" fontStyle="0" fontSize="" />
            <WordsStyle name="Selected Line" styleID="5" fgColor="000080" bgColor="FFFF4F" fontName="" fontStyle="0" fontSize="">if else for while</WordsStyle>
            <WordsStyle name="Current line background colour" styleID="6" bgColor="E8E8FF" fgColor="0080FF" fontSize="" fontStyle="0">bool long int char</WordsStyle>
        </LexerType>
    </LexerStyles>
    <GlobalStyles>
        <!-- Attention : Don't modify the name of styleID="0" -->
        <WidgetStyle name="Global override" styleID="0" fgColor="C3BE98" bgColor="1A0F0B" fontName="DejaVu Sans Mono" fontStyle="0" fontSize="10" />
        <WidgetStyle name="Default Style" styleID="32" fgColor="C3BE98" bgColor="1A0F0B" fontName="DejaVu Sans Mono" fontStyle="0" fontSize="10" />
        <WidgetStyle name="Indent guideline style" styleID="37" fgColor="888A85" bgColor="1A0F0B" fontName="" fontStyle="0" fontSize="10" />
        <WidgetStyle name="Brace highlight style" styleID="34" fgColor="FCE94F" bgColor="1A0F0B" fontName="" fontStyle="1" fontSize="10" />
        <WidgetStyle name="Bad brace colour" styleID="35" fgColor="EF2929" bgColor="1A0F0B" fontName="" fontStyle="0" fontSize="10" />
        <WidgetStyle name="Current line background colour" styleID="0" bgColor="281711" fgColor="0080C0" fontSize="" fontStyle="0" />
        <WidgetStyle name="Mark colour" styleID="0" fgColor="CC0000" bgColor="EDD400" />
        <WidgetStyle name="Selected text colour" styleID="0" bgColor="372017" fgColor="8000FF" fontStyle="0" />
        <WidgetStyle name="Caret colour" styleID="2069" fgColor="A7A7A7" bgColor="112435" fontSize="" fontStyle="0" />
        <WidgetStyle name="Find Mark Style" styleID="31" fgColor="CC0000" bgColor="EDD400" fontName="" fontStyle="0" fontSize="10" />
        <WidgetStyle name="Edge colour" styleID="0" fgColor="EEEEEC" bgColor="F3F3F3" fontSize="8" fontStyle="0" />
        <WidgetStyle name="Line number margin" styleID="33" fgColor="EEEEEC" bgColor="2E3436" fontName="" fontStyle="0" fontSize="8" />
        <WidgetStyle name="Bookmark margin" styleID="0" bgColor="2E3436" />
        <WidgetStyle name="Fold" styleID="0" fgColor="2E3436" bgColor="EEEEEC" fontSize="" fontStyle="0" />
        <WidgetStyle name="Fold active" styleID="0" fgColor="2E3436" />
        <WidgetStyle name="Fold margin" styleID="0" fgColor="555753" bgColor="2E3436" />
        <WidgetStyle name="White space symbol" styleID="0" fgColor="FCAF3E" bgColor="FF0000" fontSize="" fontStyle="1" />
        <WidgetStyle name="Smart HighLighting" styleID="29" bgColor="00FF00" fgColor="555753" />
        <WidgetStyle name="Find Mark Style" styleID="31" bgColor="EDD400" fgColor="CC0000" fontName="" fontSize="10" fontStyle="0" />
        <WidgetStyle name="Mark Style 1" styleID="25" bgColor="00FFFF" fgColor="80D4B2" />
        <WidgetStyle name="Mark Style 2" styleID="24" bgColor="FF8000" fgColor="3FBA89" />
        <WidgetStyle name="Mark Style 3" styleID="23" bgColor="FFFF00" fgColor="101010" />
        <WidgetStyle name="Mark Style 4" styleID="22" bgColor="8000FF" fgColor="808080" fontSize="" fontStyle="0" />
        <WidgetStyle name="Mark Style 5" styleID="21" bgColor="008000" fgColor="FAAA3C" />
        <WidgetStyle name="Incremental highlight all" styleID="28" bgColor="0080FF" fgColor="FFCAB0" />
        <WidgetStyle name="Tags match highlighting" styleID="27" bgColor="972FFF" fgColor="000000" />
        <WidgetStyle name="Tags attribute" styleID="26" bgColor="FFFF00" fgColor="8080C0" />
        <WidgetStyle name="Active tab focused indicator" styleID="0" fgColor="FAAA3C" bgColor="FF0000" />
        <WidgetStyle name="Active tab unfocused indicator" styleID="0" fgColor="FFCAB0" bgColor="80FF00" />
        <WidgetStyle name="Active tab text" styleID="0" fgColor="000000" />
        <WidgetStyle name="Inactive tabs" styleID="0" fgColor="808080" bgColor="C0C0C0" />
        <WidgetStyle name="URL hovered" styleID="0" fgColor="FFFFFF" />
    </GlobalStyles>
</Flamerobin>
