<?xml version="1.0" encoding="UTF-8" ?>
<!--
Theme name : Hello Kitty
This theme is not complete. If you enhance it, please send it back to me :
<don.h@free.fr>
so your enhanced file can be included in Notepad++ future release.
-->
<Flamerobin>
    <LexerStyles>
        <LexerType name="diff" desc="DIFF" ext="">
            <WordsStyle name="DEFAULT" styleID="0" fgColor="000000" bgColor="FFB0FF" fontName="" fontStyle="0" fontSize="" />
            <WordsStyle name="COMMENT" styleID="1" fgColor="008000" bgColor="FFB0FF" fontName="" fontStyle="0" fontSize="" />
            <WordsStyle name="COMMAND" styleID="2" fgColor="0000FF" bgColor="FFB0FF" fontName="" fontStyle="1" fontSize="" />
            <WordsStyle name="HEADER" styleID="3" fgColor="8000FF" bgColor="FFB0FF" fontName="" fontStyle="0" fontSize="" />
            <WordsStyle name="POSITION" styleID="4" fgColor="FF8000" bgColor="FFB0FF" fontName="" fontStyle="0" fontSize="" />
            <WordsStyle name="DELETED" styleID="5" fgColor="808040" bgColor="FFB0FF" fontName="" fontStyle="0" fontSize="" />
            <WordsStyle name="ADDED" styleID="6" fgColor="0080FF" bgColor="FFB0FF" fontName="" fontStyle="0" fontSize="" />
        </LexerType>
        <LexerType name="sql" desc="SQL" ext="">
            <WordsStyle name="KEYWORD" styleID="5" fgColor="0000FF" bgColor="FFB0FF" fontName="" fontStyle="1" fontSize="" keywordClass="instre1" />
            <WordsStyle name="USER1" styleID="16" fgColor="0000FF" bgColor="FFB0FF" fontName="" fontStyle="1" fontSize="" keywordClass="instre2" />
            <WordsStyle name="KEYWORD2" styleID="19" fgColor="600080" bgColor="FFB0FF" fontName="" fontStyle="1" fontSize="" keywordClass="type3" />
            <WordsStyle name="NUMBER" styleID="4" fgColor="FF8000" bgColor="FFB0FF" fontName="" fontStyle="0" fontSize="" />
            <WordsStyle name="STRING" styleID="6" fgColor="808080" bgColor="FFB0FF" fontName="" fontStyle="0" fontSize="" />
            <WordsStyle name="STRING2" styleID="7" fgColor="808080" bgColor="FFB0FF" fontName="" fontStyle="0" fontSize="" />
            <WordsStyle name="OPERATOR" styleID="10" fgColor="000080" bgColor="FFB0FF" fontName="" fontStyle="1" fontSize="" />
            <WordsStyle name="COMMENT" styleID="1" fgColor="008000" bgColor="FFB0FF" fontName="" fontStyle="0" fontSize="" />
            <WordsStyle name="COMMENT LINE" styleID="2" fgColor="008000" bgColor="FFB0FF" fontName="" fontStyle="0" fontSize="" />
            <WordsStyle name="COMMENT DOC" styleID="3" fgColor="008000" bgColor="FFB0FF" fontName="" fontStyle="0" fontSize="" />
            <WordsStyle name="Q OPERATOR" styleID="24" fgColor="808080" bgColor="FFB0FF" fontName="" fontStyle="0" fontSize="" />
        </LexerType>
        <LexerType name="searchResult" desc="Search result" ext="">
            <WordsStyle name="Search Header" styleID="1" fgColor="000080" bgColor="BBBBFF" fontName="" fontStyle="1" fontSize="" />
            <WordsStyle name="File Header" styleID="2" fgColor="008000" bgColor="D5FFD5" fontName="" fontStyle="1" fontSize="" />
            <WordsStyle name="Line Number" styleID="3" fgColor="000000" bgColor="FFB0FF" fontName="" fontStyle="0" fontSize="" />
            <WordsStyle name="Hit Word" styleID="4" fgColor="FF0000" bgColor="FFFFBF" fontName="" fontStyle="0" fontSize="" />
            <WordsStyle name="Selected Line" styleID="5" fgColor="000080" bgColor="FFFF4F" fontName="" fontStyle="0" fontSize="">if else for while</WordsStyle>
            <WordsStyle name="Current line background colour" styleID="6" bgColor="E8E8FF" fgColor="0080FF" fontSize="" fontStyle="0">bool long int char</WordsStyle>
        </LexerType>
    </LexerStyles>
    <GlobalStyles>
        <!-- Attention : Don't modify the name of styleID="0" -->
        <WidgetStyle name="Global override" styleID="0" fgColor="FFFF80" bgColor="FFB0FF" fontName="Courier New" fontStyle="0" fontSize="10" />
        <WidgetStyle name="Default Style" styleID="32" fgColor="000000" bgColor="FFB0FF" fontName="Courier New" fontStyle="0" fontSize="10" />
        <WidgetStyle name="Indent guideline style" styleID="37" fgColor="C0C0C0" bgColor="FFB0FF" fontName="" fontStyle="0" fontSize="" />
        <WidgetStyle name="Brace highlight style" styleID="34" fgColor="FF0000" bgColor="FFB0FF" fontName="" fontStyle="1" fontSize="12" />
        <WidgetStyle name="Bad brace colour" styleID="35" fgColor="800000" bgColor="FFB0FF" fontName="" fontStyle="0" fontSize="" />
        <WidgetStyle name="Current line background colour" styleID="0" bgColor="FF80C0" fgColor="0080C0" />
        <WidgetStyle name="Selected text colour" styleID="0" bgColor="FFD5FF" fgColor="CC0000" />
        <WidgetStyle name="Caret colour" styleID="2069" fgColor="FFFFFF" bgColor="372017" fontStyle="0" />
        <WidgetStyle name="Edge colour" styleID="0" fgColor="80FFFF" bgColor="112435" fontSize="" fontStyle="0" />
        <WidgetStyle name="Line number margin" styleID="33" fgColor="FFFFFF" bgColor="FF80FF" fontName="" fontStyle="0" fontSize="" />
        <WidgetStyle name="Bookmark margin" styleID="0" bgColor="FF80FF" />
        <WidgetStyle name="Fold" styleID="0" fgColor="FFFFFF" bgColor="FF80C0" fontSize="8" fontStyle="0" />
        <WidgetStyle name="Fold active" styleID="0" fgColor="FFFFFF" />
        <WidgetStyle name="Fold margin" styleID="0" fgColor="FF80C0" bgColor="FF80C0" fontSize="8" fontStyle="0" />
        <WidgetStyle name="White space symbol" styleID="0" fgColor="FFB56A" bgColor="EEEEEC" />
        <WidgetStyle name="Smart HighLighting" styleID="29" bgColor="00FF00" fgColor="555753" />
        <WidgetStyle name="Find Mark Style" styleID="31" bgColor="FF0000" fgColor="FCAF3E" />
        <WidgetStyle name="Mark Style 1" styleID="25" bgColor="00FFFF" />
        <WidgetStyle name="Mark Style 2" styleID="24" bgColor="FF8000" />
        <WidgetStyle name="Mark Style 3" styleID="23" bgColor="FFFF00" />
        <WidgetStyle name="Mark Style 4" styleID="22" bgColor="8000FF" />
        <WidgetStyle name="Mark Style 5" styleID="21" bgColor="008000" fgColor="FAAA3C" />
        <WidgetStyle name="Incremental highlight all" styleID="28" bgColor="0080FF" fgColor="FFCAB0" />
        <WidgetStyle name="Tags match highlighting" styleID="27" bgColor="8000FF" fgColor="000000" />
        <WidgetStyle name="Tags attribute" styleID="26" bgColor="FFFF00" fgColor="8080C0" />
        <WidgetStyle name="Active tab focused indicator" styleID="0" fgColor="FAAA3C" bgColor="FF0000" />
        <WidgetStyle name="Active tab unfocused indicator" styleID="0" fgColor="FFCAB0" bgColor="80FF00" />
        <WidgetStyle name="Active tab text" styleID="0" fgColor="000000" />
        <WidgetStyle name="Inactive tabs" styleID="0" fgColor="808080" bgColor="C0C0C0" />
        <WidgetStyle name="URL hovered" styleID="0" fgColor="FFFFFF" />
    </GlobalStyles>
</Flamerobin>
