<?xml version="1.0" encoding="UTF-8" ?>
<!--
Notepad++ Custom Style

  Style name:    Obsidian v2
      Author:    Joni Eskelinen
        Date:    2009-04-06 (last changed 2013-04-23)
   Languages:    php, html, css, xml, javascript, python, sql, c, c++, 
                   assembly, bash, batch, lua at least for detail. Everything else more or less...
        Info:    Inspired by Oblivion theme for gedit.
-->
<Flamerobin>
    <LexerStyles>
        <LexerType name="diff" desc="DIFF" ext="">
            <WordsStyle name="DEFAULT" styleID="0" fgColor="E0E2E4" bgColor="293134" fontName="" fontStyle="0" fontSize="" />
            <WordsStyle name="COMMENT" styleID="1" fgColor="E0E2E4" bgColor="293134" fontName="" fontStyle="0" fontSize="" />
            <WordsStyle name="COMMAND" styleID="2" fgColor="E0E2E4" bgColor="293134" fontName="" fontStyle="1" fontSize="" />
            <WordsStyle name="HEADER" styleID="3" fgColor="E0E2E4" bgColor="293134" fontName="" fontStyle="0" fontSize="" />
            <WordsStyle name="POSITION" styleID="4" fgColor="0080C0" bgColor="293134" fontName="" fontStyle="0" fontSize="" />
            <WordsStyle name="DELETED" styleID="5" fgColor="FF8080" bgColor="293134" fontName="" fontStyle="0" fontSize="" />
            <WordsStyle name="ADDED" styleID="6" fgColor="00FF40" bgColor="293134" fontName="" fontStyle="0" fontSize="" />
        </LexerType>
        <LexerType name="sql" desc="SQL" ext="">
            <WordsStyle name="KEYWORD" styleID="5" fgColor="93C763" bgColor="293134" fontName="" fontStyle="1" fontSize="" keywordClass="instre1" />
            <WordsStyle name="USER1" styleID="16" fgColor="93C763" bgColor="293134" fontName="" fontStyle="1" fontSize="" keywordClass="instre2" />
            <WordsStyle name="KEYWORD2" styleID="19" fgColor="007FFF" bgColor="293134" fontName="" fontStyle="1" fontSize="" keywordClass="type3" />
            <WordsStyle name="NUMBER" styleID="4" fgColor="FFCD22" bgColor="293134" fontName="" fontStyle="0" fontSize="" />
            <WordsStyle name="STRING" styleID="6" fgColor="EC7600" bgColor="293134" fontName="" fontStyle="0" fontSize="" />
            <WordsStyle name="STRING2" styleID="7" fgColor="EC7600" bgColor="293134" fontName="" fontStyle="0" fontSize="" />
            <WordsStyle name="OPERATOR" styleID="10" fgColor="E8E2B7" bgColor="293134" fontName="" fontStyle="0" fontSize="" />
            <WordsStyle name="COMMENT" styleID="1" fgColor="66747B" bgColor="293134" fontName="" fontStyle="0" fontSize="" />
            <WordsStyle name="COMMENT LINE" styleID="2" fgColor="66747B" bgColor="293134" fontName="" fontStyle="0" fontSize="" />
            <WordsStyle name="COMMENT DOC" styleID="3" fgColor="66747B" bgColor="293134" fontName="" fontStyle="0" fontSize="" />
            <WordsStyle name="Q OPERATOR" styleID="24" fgColor="EC7600" bgColor="293134" fontName="" fontStyle="0" fontSize="" />
        </LexerType>
        <LexerType name="searchResult" desc="Search result" ext="">
            <WordsStyle name="Search Header" styleID="1" fgColor="A6ABB3" bgColor="3A4649" fontName="" fontStyle="1" fontSize="" />
            <WordsStyle name="File Header" styleID="2" fgColor="78838B" bgColor="2F383C" fontName="" fontStyle="1" fontSize="" />
            <WordsStyle name="Line Number" styleID="3" fgColor="FFCD22" bgColor="293134" fontName="" fontStyle="0" fontSize="" />
            <WordsStyle name="Hit Word" styleID="4" fgColor="678CB1" bgColor="293134" fontName="" fontStyle="5" fontSize="" />
            <WordsStyle name="Selected Line" styleID="5" fgColor="FF8409" bgColor="2F393C" fontName="" fontStyle="1" fontSize="">if else for while</WordsStyle>
            <WordsStyle name="Current line background colour" styleID="6" bgColor="2F393C" fgColor="E0E2E4" fontSize="" fontStyle="0">bool long int char</WordsStyle>
        </LexerType>
    </LexerStyles>
    <GlobalStyles>
        <!-- Attention : Don't modify the name of styleID="0" -->
        <WidgetStyle name="Global override" styleID="0" fgColor="E0E2E4" bgColor="293134" fontName="Courier New" fontStyle="0" fontSize="10" />
        <WidgetStyle name="Default Style" styleID="32" fgColor="E0E2E4" bgColor="293134" fontName="Courier New" fontStyle="0" fontSize="10" />
        <WidgetStyle name="Indent guideline style" styleID="37" fgColor="394448" bgColor="293134" fontName="" fontStyle="0" fontSize="" />
        <WidgetStyle name="Brace highlight style" styleID="34" fgColor="F3DB2E" bgColor="293134" fontName="" fontStyle="1" fontSize="" />
        <WidgetStyle name="Bad brace colour" styleID="35" fgColor="FB0000" bgColor="293134" fontName="" fontStyle="0" fontSize="" />
        <WidgetStyle name="Current line background colour" styleID="0" bgColor="2F393C" fgColor="0080C0" fontSize="" fontStyle="0" />
        <WidgetStyle name="Selected text colour" styleID="0" bgColor="404E51" fgColor="C00000" />
        <WidgetStyle name="Caret colour" styleID="2069" fgColor="C1CBD2" bgColor="6699CC" fontStyle="0" />
        <WidgetStyle name="Edge colour" styleID="0" fgColor="445257" bgColor="112435" fontSize="" fontStyle="0" />
        <WidgetStyle name="Line number margin" styleID="33" fgColor="81969A" bgColor="3F4B4E" fontName="" fontStyle="0" fontSize="" />
        <WidgetStyle name="Bookmark margin" styleID="0" bgColor="3F4B4E" />
        <WidgetStyle name="Fold" styleID="0" fgColor="6A8088" bgColor="2F383C" fontSize="" fontStyle="0" />
        <WidgetStyle name="Fold active" styleID="0" fgColor="6A8088" />
        <WidgetStyle name="Fold margin" styleID="0" fgColor="343F41" bgColor="343F41" fontSize="" fontStyle="0" />
        <WidgetStyle name="White space symbol" styleID="0" fgColor="343F43" bgColor="3476A3" fontSize="" fontStyle="0" />
        <WidgetStyle name="Smart HighLighting" styleID="29" bgColor="56676D" fgColor="222222" />
        <WidgetStyle name="Find Mark Style" styleID="31" bgColor="6B8189" fgColor="E0E2E4" fontSize="" fontStyle="1" />
        <WidgetStyle name="Mark Style 1" styleID="25" bgColor="00659B" fgColor="E0E2E4" />
        <WidgetStyle name="Mark Style 2" styleID="24" bgColor="00880B" fgColor="E0E2E4" />
        <WidgetStyle name="Mark Style 3" styleID="23" bgColor="A6AA00" fgColor="E0E2E4" />
        <WidgetStyle name="Mark Style 4" styleID="22" bgColor="8A0B0B" fgColor="E0E2E4" />
        <WidgetStyle name="Mark Style 5" styleID="21" bgColor="44116F" fgColor="E0E2E4" />
        <WidgetStyle name="Incremental highlight all" styleID="28" bgColor="0080FF" fgColor="FFFF80" fontSize="" fontStyle="0" />
        <WidgetStyle name="Tags match highlighting" styleID="27" bgColor="4D5C62" fgColor="E0E2E4" />
        <WidgetStyle name="Tags attribute" styleID="26" bgColor="93975E" fgColor="FFCAB0" />
        <WidgetStyle name="Active tab focused indicator" styleID="0" fgColor="FAAA3C" bgColor="8000FF" />
        <WidgetStyle name="Active tab unfocused indicator" styleID="0" fgColor="FFCAB0" bgColor="008000" />
        <WidgetStyle name="Active tab text" styleID="0" fgColor="000000" bgColor="0080FF" />
        <WidgetStyle name="Inactive tabs" styleID="0" fgColor="808080" bgColor="C0C0C0" />
        <WidgetStyle name="URL hovered" styleID="0" fgColor="FFFFFF" />
    </GlobalStyles>
</Flamerobin>
