<?xml version="1.0" encoding="UTF-8" ?>
<!-- 
Notepad++ Custom stylers
Style name: 		Port Ruby Blue
File name: 			stylers.xml
Created by:			tomsolo (aka tonoslo on sourceforge.net)
				http://www.3276.hu
Featured language:	Php, Css, Sql, JavaScript, Html, XML. 
Note: 			If u create other languages with this style please send me the modified styler.xml : tonoslo at users.sourceforge.net (ty!)
Other info:			this style is based on and inspired by Textmate (a Mac source editor, http:/www.textmate.org) user submitted theme:
				Ruby Blue theme created by John W. Long, http://wiseheartdesign.com/articles/2006/03/11/ruby-blue-textmate-theme)
				Thanks John!
				This style available under the terms of the GNU Free License.


Requirements: 
	1. The style is based on DejaVu fonts, go to 
	http://dejavu.sourceforge.net/wiki/index.php/Main_Page
	and grab this font pack and install (use DejaVu Mono).
	2. Use Cleartype, for nice smooth font on screen (optional).
	3. Notepad 3.5 install :)

Install: copy your installed Notepad++ directory root, overwrite old stylers.xml (backup old file first), 
or copy c:\Documents and Settings\**USERNAME**\Application Data\Notepad++\
overwrite old stylers.xml (backup old file first)


ENJOY!


If u like, please donate Notepad++:
http://sourceforge.net/donate/index.php?group_id=95717

 

2006.03.27.
-->
<Flamerobin>
    <LexerStyles>
        <LexerType name="sql" desc="SQL" ext="">
            <WordsStyle name="KEYWORD" styleID="5" fgColor="7BC22F" bgColor="112435" fontName="" fontStyle="0" fontSize="" keywordClass="instre1" />
            <WordsStyle name="USER1" styleID="16" fgColor="7BC22F" bgColor="112435" fontName="" fontStyle="0" fontSize="" keywordClass="instre2" />
            <WordsStyle name="KEYWORD2" styleID="19" fgColor="FF8080" bgColor="112435" fontName="" fontStyle="0" fontSize="" keywordClass="type3" />
            <WordsStyle name="NUMBER" styleID="4" fgColor="F4DD0B" bgColor="112435" fontName="" fontStyle="0" fontSize="" />
            <WordsStyle name="STRING" styleID="6" fgColor="8DB0D3" bgColor="112435" fontName="" fontStyle="0" fontSize="" />
            <WordsStyle name="STRING2" styleID="7" fgColor="8DB0D3" bgColor="112435" fontName="" fontStyle="0" fontSize="" />
            <WordsStyle name="OPERATOR" styleID="10" fgColor="F08047" bgColor="112435" fontName="" fontStyle="0" fontSize="" />
            <WordsStyle name="COMMENT" styleID="1" fgColor="3A8BDA" bgColor="112435" fontName="" fontStyle="0" fontSize="" />
            <WordsStyle name="COMMENT LINE" styleID="2" fgColor="3A8BDA" bgColor="112435" fontName="" fontStyle="0" fontSize="" />
            <WordsStyle name="COMMENT DOC" styleID="3" fgColor="3A8BDA" bgColor="112435" fontName="" fontStyle="0" fontSize="" />
            <WordsStyle name="Q OPERATOR" styleID="24" fgColor="8DB0D3" bgColor="112435" fontName="" fontStyle="0" fontSize="" />
        </LexerType>
        <LexerType name="diff" desc="DIFF" ext="">
            <WordsStyle name="DEFAULT" styleID="0" fgColor="FFFFFF" bgColor="112435" fontName="" fontStyle="0" fontSize="" />
            <WordsStyle name="COMMENT" styleID="1" fgColor="FFFFFF" bgColor="112435" fontName="" fontStyle="0" fontSize="" />
            <WordsStyle name="COMMAND" styleID="2" fgColor="FFFFFF" bgColor="112435" fontName="" fontStyle="0" fontSize="" />
            <WordsStyle name="HEADER" styleID="3" fgColor="FFFFFF" bgColor="112435" fontName="" fontStyle="0" fontSize="" />
            <WordsStyle name="POSITION" styleID="4" fgColor="FFFFFF" bgColor="112435" fontName="" fontStyle="0" fontSize="" />
            <WordsStyle name="DELETED" styleID="5" fgColor="FFFFFF" bgColor="112435" fontName="" fontStyle="0" fontSize="" />
            <WordsStyle name="ADDED" styleID="6" fgColor="FFFFFF" bgColor="112435" fontName="" fontStyle="0" fontSize="" />
        </LexerType>
        <LexerType name="searchResult" desc="Search result" ext="">
            <WordsStyle name="Search Header" styleID="1" fgColor="000080" bgColor="BBBBFF" fontName="" fontStyle="1" fontSize="" />
            <WordsStyle name="File Header" styleID="2" fgColor="008000" bgColor="D5FFD5" fontName="" fontStyle="1" fontSize="" />
            <WordsStyle name="Line Number" styleID="3" fgColor="000000" bgColor="FFFFFF" fontName="" fontStyle="0" fontSize="" />
            <WordsStyle name="Hit Word" styleID="4" fgColor="FF0000" bgColor="FFFFBF" fontName="" fontStyle="0" fontSize="" />
            <WordsStyle name="Selected Line" styleID="5" fgColor="000080" bgColor="FFFF4F" fontName="" fontStyle="0" fontSize="">if else for while</WordsStyle>
            <WordsStyle name="Current line background colour" styleID="6" bgColor="E8E8FF" fgColor="0080FF" fontSize="" fontStyle="0">bool long int char</WordsStyle>
        </LexerType>
    </LexerStyles>
    <GlobalStyles>
        <!-- Attention : Don't modify the name of styleID="0" -->
        <WidgetStyle name="Global override" styleID="0" fgColor="FFFF80" bgColor="FF8000" fontName="Courier New" fontStyle="0" fontSize="10" />
        <WidgetStyle name="Default Style" styleID="32" fgColor="FFFFFF" bgColor="112435" fontName="DejaVu Sans Mono" fontStyle="0" fontSize="10" />
        <WidgetStyle name="Indent guideline style" styleID="37" fgColor="0080FF" bgColor="112435" fontName="" fontStyle="1" fontSize="" />
        <WidgetStyle name="Brace highlight style" styleID="34" fgColor="FFFFFF" bgColor="112435" fontName="" fontStyle="0" fontSize="" />
        <WidgetStyle name="Bad brace colour" styleID="35" fgColor="FFFFFF" bgColor="112435" fontName="" fontStyle="0" fontSize="" />
        <WidgetStyle name="Current line background colour" styleID="0" bgColor="273A4B" fgColor="CCFF33" fontSize="" fontStyle="0" />
        <WidgetStyle name="Mark colour" styleID="0" fgColor="0080C0" bgColor="B0D926" />
        <WidgetStyle name="Selected text colour" styleID="0" bgColor="0000FF" fgColor="C00000" fontStyle="0" />
        <WidgetStyle name="Caret colour" styleID="2069" fgColor="FFFFFF" fontStyle="0" bgColor="6699CC" fontSize="" />
        <WidgetStyle name="Find Mark Style" styleID="31" fgColor="FFFFFF" bgColor="112435" fontName="" fontStyle="0" fontSize="" />
        <WidgetStyle name="Edge colour" styleID="0" fgColor="FFFFFF" bgColor="FF0000" fontSize="" fontStyle="1" />
        <WidgetStyle name="Line number margin" styleID="33" fgColor="FFFFFF" bgColor="1F4661" fontName="" fontStyle="0" fontSize="8" />
        <WidgetStyle name="Bookmark margin" styleID="0" bgColor="1F4661" />
        <WidgetStyle name="Fold" styleID="0" fgColor="FFFFFF" bgColor="F0804F" fontSize="" fontStyle="0" />
        <WidgetStyle name="Fold active" styleID="0" fgColor="FFFFFF" />
        <WidgetStyle name="Fold margin" styleID="0" fgColor="4096BF" bgColor="3476A3" />
        <WidgetStyle name="White space symbol" styleID="0" fgColor="FF8080" bgColor="112435" />
        <WidgetStyle name="Smart HighLighting" styleID="29" bgColor="00FF00" fgColor="555753" />
        <WidgetStyle name="Find Mark Style" styleID="31" bgColor="FF0000" fgColor="FCAF3E" />
        <WidgetStyle name="Mark Style 1" styleID="25" bgColor="00FFFF" />
        <WidgetStyle name="Mark Style 2" styleID="24" bgColor="FF8000" />
        <WidgetStyle name="Mark Style 3" styleID="23" bgColor="FFFF00" />
        <WidgetStyle name="Mark Style 4" styleID="22" bgColor="8000FF" />
        <WidgetStyle name="Mark Style 5" styleID="21" bgColor="008000" />
        <WidgetStyle name="Incremental highlight all" styleID="28" bgColor="0080FF" fgColor="FFCAB0" />
        <WidgetStyle name="Tags match highlighting" styleID="27" bgColor="8000FF" fgColor="000000" />
        <WidgetStyle name="Tags attribute" styleID="26" bgColor="FFFF00" fgColor="8080C0" />
        <WidgetStyle name="Active tab focused indicator" styleID="0" fgColor="FAAA3C" bgColor="FF0000" />
        <WidgetStyle name="Active tab unfocused indicator" styleID="0" fgColor="FFCAB0" bgColor="80FF00" />
        <WidgetStyle name="Active tab text" styleID="0" fgColor="000000" />
        <WidgetStyle name="Inactive tabs" styleID="0" fgColor="808080" bgColor="C0C0C0" />
        <WidgetStyle name="URL hovered" styleID="0" fgColor="FFFFFF" />
    </GlobalStyles>
</Flamerobin>
