<?xml version="1.0" encoding="UTF-8" ?>
<!-- 
Style Name: Port VibrantInk
Description: Based on the Textmate theme VibrantInk (http://alternateidea.com/blog/articles/2006/01/03/textmate-vibrant-ink-theme-and-prototype-bundle) by Justin Palmer
File name: 			stylers.xml
Created by:			tyler (tyler at impoverishedgourmet.com)
Featured language:	Php, Css, JavaScript, Html, XML, others? 
Note:				Feel free to modify this style and re-release it.  Any additions to languages or syntax to bring it closer to VibrantInk would be appreciated.
					This style available under the terms of the GNU Free License.

Install: copy your installed Notepad++ directory root, overwrite old stylers.xml (backup old file first), 
or copy %APPDATA%\Notepad++\
overwrite old stylers.xml (backup old file first)

Keep Notepad++ development active, donate!:
http://sourceforge.net/donate/index.php?group_id=95717

2007.11.16
-->
<Flamerobin>
    <LexerStyles>
        <LexerType name="sql" desc="SQL" ext="">
            <WordsStyle name="KEYWORD" styleID="5" fgColor="FF6600" bgColor="000000" fontName="" fontStyle="1" fontSize="" keywordClass="instre1" />
            <WordsStyle name="USER1" styleID="16" fgColor="FF6600" bgColor="000000" fontName="" fontStyle="1" fontSize="" keywordClass="instre2" />
            <WordsStyle name="KEYWORD2" styleID="19" fgColor="FF8080" bgColor="000000" fontName="" fontStyle="1" fontSize="" keywordClass="type3" />
            <WordsStyle name="NUMBER" styleID="4" fgColor="FF8000" bgColor="000000" fontName="" fontStyle="0" fontSize="" />
            <WordsStyle name="STRING" styleID="6" fgColor="66FF00" bgColor="000000" fontName="" fontStyle="0" fontSize="" />
            <WordsStyle name="STRING2" styleID="7" fgColor="66FF00" bgColor="000000" fontName="" fontStyle="0" fontSize="" />
            <WordsStyle name="OPERATOR" styleID="10" fgColor="FFCC00" bgColor="000000" fontName="" fontStyle="1" fontSize="" />
            <WordsStyle name="COMMENT" styleID="1" fgColor="9933CC" bgColor="000000" fontName="" fontStyle="0" fontSize="8" />
            <WordsStyle name="COMMENT LINE" styleID="2" fgColor="9933CC" bgColor="000000" fontName="" fontStyle="0" fontSize="8" />
            <WordsStyle name="COMMENT DOC" styleID="3" fgColor="9933CC" bgColor="000000" fontName="" fontStyle="0" fontSize="8" />
            <WordsStyle name="Q OPERATOR" styleID="24" fgColor="66FF00" bgColor="000000" fontName="" fontStyle="0" fontSize="" />
        </LexerType>
        <LexerType name="diff" desc="DIFF" ext="">
            <WordsStyle name="DEFAULT" styleID="0" fgColor="FFFFFF" bgColor="000000" fontName="" fontStyle="0" fontSize="" />
            <WordsStyle name="COMMENT" styleID="1" fgColor="9933CC" bgColor="000000" fontName="" fontStyle="0" fontSize="" />
            <WordsStyle name="COMMAND" styleID="2" fgColor="FF6600" bgColor="000000" fontName="" fontStyle="1" fontSize="" />
            <WordsStyle name="HEADER" styleID="3" fgColor="66FF00" bgColor="000000" fontName="" fontStyle="0" fontSize="" />
            <WordsStyle name="POSITION" styleID="4" fgColor="FF8000" bgColor="000000" fontName="" fontStyle="0" fontSize="" />
            <WordsStyle name="DELETED" styleID="5" fgColor="808040" bgColor="000000" fontName="" fontStyle="0" fontSize="" />
            <WordsStyle name="ADDED" styleID="6" fgColor="339999" bgColor="000000" fontName="" fontStyle="0" fontSize="" />
        </LexerType>
        <LexerType name="searchResult" desc="Search result" ext="">
            <WordsStyle name="Search Header" styleID="1" fgColor="000080" bgColor="BBBBFF" fontName="" fontStyle="1" fontSize="" />
            <WordsStyle name="File Header" styleID="2" fgColor="008000" bgColor="D5FFD5" fontName="" fontStyle="1" fontSize="" />
            <WordsStyle name="Line Number" styleID="3" fgColor="000000" bgColor="FFFFFF" fontName="" fontStyle="0" fontSize="" />
            <WordsStyle name="Hit Word" styleID="4" fgColor="FF0000" bgColor="FFFFBF" fontName="" fontStyle="0" fontSize="" />
            <WordsStyle name="Selected Line" styleID="5" fgColor="000080" bgColor="FFFF4F" fontName="" fontStyle="0" fontSize="">if else for while</WordsStyle>
            <WordsStyle name="Current line background colour" styleID="6" bgColor="E8E8FF" fgColor="0080FF" fontSize="" fontStyle="0">bool long int char</WordsStyle>
        </LexerType>
    </LexerStyles>
    <GlobalStyles>
        <!-- Attention : Don't modify the name of styleID="0" -->
        <WidgetStyle name="Global override" styleID="0" fgColor="FFFF80" bgColor="FF8000" fontName="Courier New" fontStyle="0" fontSize="10" />
        <WidgetStyle name="Default Style" styleID="32" fgColor="FFFFFF" bgColor="000000" fontName="Monaco" fontStyle="0" fontSize="10" />
        <WidgetStyle name="Indent guideline style" styleID="37" fgColor="C0C0C0" bgColor="000000" fontName="" fontStyle="0" fontSize="" />
        <WidgetStyle name="Brace highlight style" styleID="34" fgColor="99CC99" bgColor="000000" fontName="" fontStyle="1" fontSize="12" />
        <WidgetStyle name="Bad brace colour" styleID="35" fgColor="CCFF33" bgColor="000000" fontName="" fontStyle="0" fontSize="" />
        <WidgetStyle name="Current line background colour" styleID="0" bgColor="333333" fgColor="0080C0" fontSize="" fontStyle="0" />
        <WidgetStyle name="Mark colour" styleID="0" fgColor="C00000" bgColor="000000" />
        <WidgetStyle name="Selected text colour" styleID="0" bgColor="6699CC" fgColor="8000FF" fontStyle="0" />
        <WidgetStyle name="Caret colour" styleID="2069" fgColor="FFFFFF" bgColor="112435" fontSize="" fontStyle="0" />
        <WidgetStyle name="Find Mark Style" styleID="31" fgColor="FFFF00" bgColor="FF0000" fontName="" fontStyle="1" fontSize="" />
        <WidgetStyle name="Edge colour" styleID="0" fgColor="80FFFF" bgColor="F3F3F3" fontSize="8" fontStyle="0" />
        <WidgetStyle name="Line number margin" styleID="33" fgColor="E4E4E4" bgColor="333333" fontName="" fontStyle="0" fontSize="" />
        <WidgetStyle name="Bookmark margin" styleID="0" bgColor="333333" />
        <WidgetStyle name="Fold" styleID="0" fgColor="999999" bgColor="333333" fontSize="" fontStyle="0" />
        <WidgetStyle name="Fold active" styleID="0" fgColor="999999" />
        <WidgetStyle name="Fold margin" styleID="0" fgColor="222222" bgColor="111111" />
        <WidgetStyle name="White space symbol" styleID="0" fgColor="FF8080" bgColor="000000" />
        <WidgetStyle name="Smart HighLighting" styleID="29" bgColor="00FF00" fgColor="555753" />
        <WidgetStyle name="Find Mark Style" styleID="31" bgColor="FF0000" fgColor="FCAF3E" />
        <WidgetStyle name="Mark Style 1" styleID="25" bgColor="00FFFF" />
        <WidgetStyle name="Mark Style 2" styleID="24" bgColor="FF8000" />
        <WidgetStyle name="Mark Style 3" styleID="23" bgColor="FFFF00" />
        <WidgetStyle name="Mark Style 4" styleID="22" bgColor="8000FF" />
        <WidgetStyle name="Mark Style 5" styleID="21" bgColor="008000" />
        <WidgetStyle name="Incremental highlight all" styleID="28" bgColor="0080FF" fgColor="FFCAB0" />
        <WidgetStyle name="Tags match highlighting" styleID="27" bgColor="8000FF" fgColor="000000" />
        <WidgetStyle name="Tags attribute" styleID="26" bgColor="FFFF00" fgColor="8080C0" />
        <WidgetStyle name="Active tab focused indicator" styleID="0" fgColor="FAAA3C" bgColor="FF0000" />
        <WidgetStyle name="Active tab unfocused indicator" styleID="0" fgColor="FFCAB0" bgColor="80FF00" />
        <WidgetStyle name="Active tab text" styleID="0" fgColor="000000" />
        <WidgetStyle name="Inactive tabs" styleID="0" fgColor="808080" bgColor="C0C0C0" />
        <WidgetStyle name="URL hovered" styleID="0" fgColor="FFFFFF" />
    </GlobalStyles>
</Flamerobin>
