<?xml version="1.0" encoding="UTF-8" ?>
<Flamerobin>
    <LexerStyles>
        <LexerType name="diff" desc="DIFF" ext="">
            <WordsStyle name="DEFAULT" styleID="0" fgColor="FFFFFF" bgColor="000040" fontName="" fontStyle="0" fontSize="" />
            <WordsStyle name="COMMENT" styleID="1" fgColor="80A0FF" bgColor="000040" fontName="" fontStyle="0" fontSize="" />
            <WordsStyle name="COMMAND" styleID="2" fgColor="FFFF00" bgColor="000040" fontName="" fontStyle="1" fontSize="" />
            <WordsStyle name="HEADER" styleID="3" fgColor="80FFFF" bgColor="000040" fontName="" fontStyle="0" fontSize="" />
            <WordsStyle name="POSITION" styleID="4" fgColor="FF80FF" bgColor="000040" fontName="" fontStyle="0" fontSize="" />
            <WordsStyle name="DELETED" styleID="5" fgColor="FF8080" bgColor="000040" fontName="" fontStyle="0" fontSize="" />
            <WordsStyle name="ADDED" styleID="6" fgColor="0080FF" bgColor="000040" fontName="" fontStyle="0" fontSize="" />
        </LexerType>
        <LexerType name="sql" desc="SQL" ext="pck">
            <WordsStyle name="KEYWORD" styleID="5" fgColor="FFFF00" bgColor="000040" fontName="" fontStyle="0" fontSize="" keywordClass="instre1" />
            <WordsStyle name="USER1" styleID="16" fgColor="FFFF00" bgColor="000040" fontName="" fontStyle="0" fontSize="" keywordClass="instre2" />
            <WordsStyle name="KEYWORD2" styleID="19" fgColor="FF8080" bgColor="000040" fontName="" fontStyle="0" fontSize="" keywordClass="type3" />
            <WordsStyle name="NUMBER" styleID="4" fgColor="FFFFFF" bgColor="000040" fontName="" fontStyle="0" fontSize="" />
            <WordsStyle name="STRING" styleID="6" fgColor="FFA0A0" bgColor="000040" fontName="" fontStyle="0" fontSize="" />
            <WordsStyle name="STRING2" styleID="7" fgColor="FF80FF" bgColor="000040" fontName="" fontStyle="0" fontSize="" />
            <WordsStyle name="OPERATOR" styleID="10" fgColor="FFFFFF" bgColor="000040" fontName="" fontStyle="0" fontSize="" />
            <WordsStyle name="COMMENT" styleID="1" fgColor="80A0FF" bgColor="000040" fontName="" fontStyle="0" fontSize="" />
            <WordsStyle name="COMMENT LINE" styleID="2" fgColor="80A0FF" bgColor="000040" fontName="" fontStyle="0" fontSize="" />
            <WordsStyle name="COMMENT DOC" styleID="3" fgColor="80A0FF" bgColor="000040" fontName="" fontStyle="0" fontSize="" />
            <WordsStyle name="Q OPERATOR" styleID="24" fgColor="FFA0A0" bgColor="000040" fontName="" fontStyle="0" fontSize="" />
        </LexerType>
        <LexerType name="searchResult" desc="Search result" ext="">
            <WordsStyle name="SELECTED LINE" styleID="6" fgColor="FFFF80" bgColor="000040" fontName="" fontStyle="1" fontSize="" />
            <WordsStyle name="HEARDER" styleID="1" fgColor="008000" bgColor="000040" fontName="" fontStyle="1" fontSize="" />
            <WordsStyle name="NUMBER" styleID="2" fgColor="FFFFFF" bgColor="000040" fontName="" fontStyle="0" fontSize="" />
            <WordsStyle name="HIT WORD" styleID="3" fgColor="80FF80" bgColor="000040" fontName="" fontStyle="4" fontSize="" />
            <WordsStyle name="KEYWORD1" styleID="4" fgColor="00FF40" bgColor="000040" fontName="" fontStyle="1" fontSize="" keywordClass="instre2">if else for while</WordsStyle>
            <WordsStyle name="KEYWORD2" styleID="5" fgColor="0080FF" bgColor="000040" fontName="" fontStyle="0" fontSize="" keywordClass="type1">bool long int char</WordsStyle>
        </LexerType>
    </LexerStyles>
    <GlobalStyles>
        <!-- Attention : Don't modify the name of styleID="0" -->
        <WidgetStyle name="Global override" styleID="0" fgColor="FFFFFF" bgColor="000040" fontName="" fontStyle="0" fontSize="" />
        <WidgetStyle name="Default Style" styleID="32" fgColor="FFFFBF" bgColor="000040" fontName="Consolas" fontStyle="0" fontSize="10" />
        <WidgetStyle name="Indent guideline style" styleID="37" fgColor="808080" bgColor="000040" fontName="" fontStyle="0" fontSize="" />
        <WidgetStyle name="Brace highlight style" styleID="34" fgColor="80FF80" bgColor="000040" fontName="" fontStyle="1" fontSize="" />
        <WidgetStyle name="Bad brace colour" styleID="35" fgColor="FF8000" bgColor="000040" fontName="" fontStyle="0" fontSize="" />
        <WidgetStyle name="Current line background colour" styleID="0" bgColor="000040" />
        <WidgetStyle name="Mark colour" styleID="0" fgColor="C00000" bgColor="000040" />
        <WidgetStyle name="Selected text colour" styleID="0" bgColor="2050D0" />
        <WidgetStyle name="Caret colour" styleID="2069" fgColor="FFFF00" />
        <WidgetStyle name="Edge colour" styleID="0" fgColor="80FFFF" />
        <WidgetStyle name="Line number margin" styleID="33" fgColor="FFFFFF" bgColor="000040" fontName="" fontStyle="0" fontSize="" />
        <WidgetStyle name="Bookmark margin" styleID="0" bgColor="000040" />
        <WidgetStyle name="Fold" styleID="0" fgColor="FFFFFF" bgColor="000040" />
        <WidgetStyle name="Fold active" styleID="0" fgColor="FFFFFF" />
        <WidgetStyle name="Fold margin" styleID="0" fgColor="000040" bgColor="000040" />
        <WidgetStyle name="White space symbol" styleID="0" fgColor="004040" />
        <WidgetStyle name="Smart HighLighting" styleID="29" bgColor="2050D0" />
        <WidgetStyle name="Find Mark Style" styleID="31" fgColor="FFFF00" bgColor="000040" fontName="" fontStyle="1" fontSize="" />
        <WidgetStyle name="Mark Style 1" styleID="25" bgColor="00FFFF" />
        <WidgetStyle name="Mark Style 2" styleID="24" bgColor="FF8000" />
        <WidgetStyle name="Mark Style 3" styleID="23" bgColor="FFFF00" />
        <WidgetStyle name="Mark Style 4" styleID="22" bgColor="8000FF" />
        <WidgetStyle name="Mark Style 5" styleID="21" bgColor="008000" />
        <WidgetStyle name="Incremental highlight all" styleID="28" bgColor="008000" />
        <WidgetStyle name="Tags match highlighting" styleID="27" bgColor="000040" />
        <WidgetStyle name="Tags attribute" styleID="26" bgColor="000040" />
        <WidgetStyle name="Active tab focused indicator" styleID="0" fgColor="FAAA3C" />
        <WidgetStyle name="Active tab unfocused indicator" styleID="0" fgColor="FFCAB0" />
        <WidgetStyle name="Active tab text" styleID="0" fgColor="000000" />
        <WidgetStyle name="Inactive tabs" styleID="0" fgColor="8080C0" bgColor="CECECE" />
        <WidgetStyle name="Unsaved change marker" styleID="0" bgColor="FF0000" />
        <WidgetStyle name="Saved change marker" styleID="0" bgColor="80FF00" />
        <WidgetStyle name="URL hovered" styleID="0" fgColor="FFFFFF" />
    </GlobalStyles>
</Flamerobin>
